temperature,humidity,ph,rainfall,N,P,K,Fertiliser ,Soil,Crop
24.87300744,82.84022551,6.587918708,295.6094492,4,2,2.5,DAP and MOP,Clayey,rice
28.69164799,96.65248672,6.081568052,178.9635457,4,4,4,Good NPK,laterite,Coconut
20.26707606,81.63895217,5.01450727,270.4417274,4,4,2,MOP,silty clay,rice
25.0707247,95.02156793,5.547933273,192.9036306,2,2.1,3.5,Urea and DAP,sandy,Coconut
25.03512351,95.89739958,6.182232762,174.796583,2,3.9,2.1,Urea and MOP,coastal,Coconut
20.82477109,84.1341879,6.462391607,230.2242223,2.5,4,3,Urea ,clay loam,rice
25.94951662,93.40548703,5.842317989,172.0540491,2.5,4,2,Urea and MOP,alluvial,Coconut
26.49109635,80.15836264,6.980400905,242.8640342,4.2,2.3,3.2,Diammonium phosphate (DAP),Clayey,rice
25.00872392,95.59224018,6.001936419,165.8092179,2,3.9,2.1,Urea and MOP,coastal,Coconut
21.8652524,80.1923008,5.953933276,224.5550169,2.9,3.5,3.9,Urea ,silty clay,rice
28.96318258,95.16333673,6.165084855,222.803013,4,2,2.5,DAP and MOP,alluvial,Coconut
26.29644905,99.65809151,5.685889066,215.9195049,4,2,3,Diammonium phosphate (DAP),laterite,Coconut
27.5136304,94.18955816,5.562911913,156.6732553,4,4,4,Good NPK,sandy,Coconut
23.67575393,81.03569343,5.17782304,233.7034975,4,2,2.5,DAP and MOP,clay loam,rice
25.51791333,94.38420565,6.271952833,178.7297725,2.5,4,2,Urea and MOP,sandy,Coconut
25.78720567,82.11124033,6.946636369,243.5120414,2.2,3.5,3.9,Urea ,Clayey,rice
24.28209415,80.30025587,7.042299069,231.0863347,4,2,3,Diammonium phosphate (DAP),silty clay,rice
26.58580443,90.98617591,5.558807063,178.8116076,2.5,2,3,Urea and DAP,coastal,Coconut
28.11321494,90.01734526,6.387067562,172.4813641,2,2.1,3.5,Urea and DAP,laterite,Coconut
28.3575072,91.64509299,5.542873799,160.7306991,2,4,2.1,Urea and MOP,alluvial,Coconut
26.40323239,81.05635517,6.349606327,223.3671883,4,4,2,MOP,clay loam,rice
21.7238313,80.2389895,6.501697816,277.9626192,4,2,2.5,DAP and MOP,Clayey,rice
28.27804288,93.64761266,6.095261013,171.9457959,4,4,4,Good NPK,sandy,Coconut
21.97199397,81.89918197,5.658169482,227.3637009,4.2,2.3,3.2,Diammonium phosphate (DAP),silty clay,rice
28.97318719,98.09861043,5.50158009,213.9011021,2.2,3.5,3.9,Urea ,coastal,Coconut
27.1326009,95.23797989,6.234458417,204.7206567,4.2,2.3,3.2,Diammonium phosphate (DAP),laterite,Coconut
27.0828252,97.00155491,5.948342571,171.7575545,2.5,2,3,Urea and DAP,alluvial,Coconut
27.31155708,99.96906006,5.832608028,201.8258633,2.2,3.5,3.9,Urea ,clay loam,rice
26.52723513,81.41753846,5.386167788,264.6148697,4,4,2,MOP,Clayey,rice
20.2801937,82.1235421,7.236705436,191.9535738,2,2.1,3.5,Urea and DAP,sandy,Coconut
24.88921174,81.97927117,5.005306977,185.9461429,2.5,2,3,Urea and DAP,silty clay,rice
25.79490531,93.84150618,5.779032666,152.4238712,4,4,4,Good NPK,coastal,Coconut
29.70931288,96.30484325,6.37466756,209.8453993,4,4,1.9,MOP,alluvial,Coconut
25.09897688,92.36099489,6.047044342,157.7592626,2,3.9,2.1,Urea and MOP,laterite,Coconut
26.54348085,84.67353597,7.072655622,183.6222657,4,2,2.5,DAP and MOP,clay loam,rice
22.72791041,82.1706881,7.300410836,260.8875056,4,2,2.5,DAP and MOP,Clayey,rice
27.59376845,92.48519606,6.206077742,162.8432736,4,4,4,Good NPK,sandy,Coconut
24.52783742,82.73685569,6.364134968,224.6757231,4.2,2.3,3.2,Diammonium phosphate (DAP),silty clay,rice
28.48444906,97.76865458,5.820978791,160.389421,2.5,4,2,Urea and MOP,coastal,Coconut
25.54963273,96.92786777,6.156259104,191.2996157,4,2,3,Diammonium phosphate (DAP),laterite,Coconut
28.87862994,95.11320315,6.203376525,145.0583117,2,2.1,3.5,Urea and DAP,alluvial,Coconut
26.08867875,80.37979919,5.706943251,182.9043504,4,4,4,Good NPK,clay loam,rice
20.13017482,81.60487287,7.628472891,262.7173405,4,4,2,MOP,Clayey,rice
28.38503882,99.18843684,5.55771171,189.6711349,2,2.1,3.5,Urea and DAP,sandy,Coconut
23.43121862,83.06310136,5.286203711,219.9048349,4,2,2.5,DAP and MOP,silty clay,rice
24.958779,84.47963372,5.206373153,196.9560008,4.2,2.3,3.2,Diammonium phosphate (DAP),coastal,Coconut
27.54273211,94.59086121,6.362544111,150.2012138,4,4,4,Good NPK,laterite,Coconut
27.57283516,94.90485697,5.708409601,145.9298935,2,3.9,2.1,Urea and MOP,alluvial,Coconut
29.8690834,91.14723422,6.305740522,192.7678575,4,4,4,Good NPK,clay loam,rice
21.77046169,80.31964408,7.038096361,226.6555374,2.9,3.5,3.9,Urea ,Clayey,rice
27.05826457,91.10510371,5.677282678,224.7006953,4,2,3,Diammonium phosphate (DAP),sandy,Coconut
23.79391957,80.41817957,6.970859754,206.2611855,2.5,4,3,Urea ,silty clay,rice
28.130115,95.64807631,5.686972967,151.0761899,2,2.1,3.5,Urea and DAP,coastal,Coconut
27.31155708,99.96906006,5.832608028,201.8258633,2.2,3.5,3.9,Urea ,laterite,Coconut
29.28725038,91.95614918,5.868285082,132.1491176,2,2.1,3.5,Urea and DAP,alluvial,Coconut
26.29465461,84.56919326,7.023936392,257.4914906,2.2,3.5,3.9,Urea ,clay loam,rice
25.75528612,83.51827127,5.875345751,245.6626799,4,2,2.5,DAP and MOP,Clayey,rice
27.63551259,99.34854917,6.38488418,157.9171537,4,4,4,Good NPK,sandy,Coconut
22.67846116,83.72874389,7.524080076,200.9133156,4,2,2.5,DAP and MOP,silty clay,rice
28.74013335,93.39676499,5.620733794,156.7650823,2,4,2.1,Urea and MOP,coastal,Coconut
26.61423461,96.97300803,6.142010637,191.006688,4,2,2.5,DAP and MOP,laterite,Coconut
25.76011662,94.65830608,5.764812076,131.2451414,2.5,2,3,Urea and DAP,alluvial,Coconut
26.92449525,91.20106019,5.570745386,194.9022136,4,4,4,Good NPK,clay loam,rice
23.97898217,81.45061596,7.50283396,250.0832336,4,4,2,MOP,Clayey,rice
28.05912437,98.3670985,5.868255858,171.6516396,2,3.9,2.1,Urea and MOP,sandy,Coconut
22.68319059,83.46358271,6.604993475,194.2651719,4,2,2.5,DAP and MOP,silty clay,rice
25.84726298,90.92669463,5.860740481,147.8888994,4,4,4,Good NPK,coastal,Coconut
27.1872282,92.19906776,6.137102505,141.3220576,2.5,2,3,Urea and DAP,laterite,Coconut
26.45488737,93.45042636,5.901495544,149.2220255,2.2,3.5,3.9,Urea ,alluvial,Coconut
23.35905428,83.59512273,5.333322606,188.413665,2.5,4,2,Urea and MOP,clay loam,rice
29.12859129,91.30924833,5.741367375,157.2388553,4,4,4,Good NPK,sandy,Coconut
20.41447029,82.20802629,7.592490617,245.1511304,4,4,2,MOP,Clayey,rice
25.59704938,80.14509262,6.903985986,200.834898,4,4,2,MOP,silty clay,rice
29.69952329,95.21224392,6.342463714,148.3003692,2,2.1,3.5,Urea and DAP,coastal,Coconut
28.2974764,95.41122824,6.141502001,182.4482352,2,3.9,2.1,DAP and MOP,laterite,Coconut
23.85724032,82.22572988,7.382762603,195.0948311,2,4,2.1,Urea and MOP,alluvial,Coconut
26.92995077,81.91411159,7.069172227,290.6793783,2.2,3.5,3.9,Urea ,clay loam,rice
26.91641934,99.84671638,6.318552973,225.6323656,2.5,4,3,Urea ,sandy,Coconut
20.27774362,82.89408619,5.718627178,241.9741949,4,4,2,MOP,Clayey,rice
29.25902906,95.11294697,5.542169139,184.7624496,4.2,2.3,3.2,Diammonium phosphate (DAP),silty clay,rice
27.79797651,99.64573002,6.381975465,181.6942283,4,2,3,Diammonium phosphate (DAP),coastal,Coconut
27.00648436,96.46168931,5.627860549,144.3331315,4,2,2.5,DAP and MOP,laterite,Coconut
25.06871967,93.31410447,6.205931638,134.8419069,2,3.9,2.1,Urea and MOP,alluvial,Coconut
26.04371967,84.96907151,5.999969026,186.7536773,2.5,4,2,Urea and MOP,clay loam,rice
27.10134661,93.69979946,5.551963184,150.9502632,4,4,4,Good NPK,sandy,Coconut
20.87974371,82.00274423,6.502985292,202.9355362,2.5,4,3,Urea ,Clayey,rice
21.14347496,80.33502926,5.594819626,198.6730942,2.5,4,3,Urea ,silty clay,rice
28.83214859,92.17170353,6.000248647,145.4172387,4,4,4,Good NPK,coastal,Coconut
27.754298,95.94643831,5.56222383,131.0900076,2.5,4,3,Urea ,laterite,Coconut
26.14162144,93.28415295,6.071897347,195.4115025,4,4,4,Good NPK,clay loam,rice
29.18032562,92.73041222,6.025789594,204.9603677,2.5,4,2,Urea and MOP,alluvial,Coconut
26.37978453,91.49882979,5.547594847,167.0470997,2,2.1,3.5,Urea and DAP,sandy,Coconut
28.27298134,96.93649473,6.07071786,198.8234862,4,2,2.5,DAP and MOP,Clayey,rice
26.58413917,95.78923137,6.25449571,171.6262299,4,4,2.1,MOP,coastal,Coconut
26.31355498,82.36698992,7.224285503,265.5355937,4,2,2.5,MOP and DAP,silty clay,rice
24.01497622,82.05687182,6.98435366,185.2773389,2,4,2.1,Urea and MOP,laterite,Coconut
26.73072391,81.78596776,7.868474653,280.4044392,4.2,2.3,3.2,Diammonium phosphate (DAP),clay loam,rice
28.43572863,95.8840407,5.665785202,203.9283708,4,4,2,MOP,sandy,Coconut
21.32504158,80.47476396,6.442475375,185.4974732,4.2,2.3,3.2,Diammonium phosphate (DAP),Clayey,rice
25.9490364,94.73860514,6.470465614,144.1571109,2,4,2.1,Urea and MOP,coastal,Coconut
22.78133816,82.06719137,6.430010215,248.7183228,4.2,2.3,3.2,Diammonium phosphate (DAP),silty clay,rice
29.03065024,90.79093862,5.894027065,205.5720367,2,2.1,3.5,Urea and DAP,laterite,Coconut
25.61294367,94.3138837,5.740054567,224.3206759,2.5,2,3,Urea and DAP,alluvial,Coconut
22.2286982,81.85872947,6.939083505,278.0791793,4,2,3,Diammonium phosphate (DAP),clay loam,rice
28.98545306,90.73966792,5.718120393,148.8398374,4,4,4,Good NPK,sandy,Coconut
24.8972823,80.52586088,6.13428721,183.6793207,4,2,3,Diammonium phosphate (DAP),Clayey,rice
27.15116142,91.48889469,6.413184638,164.9182225,2.5,4,3,Urea ,coastal,Coconut
25.0756354,80.52389148,7.778915154,257.0038865,4.2,2.3,3.2,Diammonium phosphate (DAP),silty clay,rice
25.56567803,97.61361544,6.443168642,199.7936345,4,4,4,Good NPK,laterite,Coconut
25.2827223,80.54372813,5.453592032,220.1156708,2,4,2.1,Urea and MOP,clay loam,rice
27.55821802,99.98187601,5.735364307,174.6256481,4,4,2,MOP,sandy,Coconut
21.32376327,83.00320459,7.283736617,192.3197536,2.5,4,3,Urea ,Clayey,rice
25.51618488,94.33465411,6.015672239,135.1272491,4,4,2.2,MOP,coastal,Coconut
24.52922681,80.54498576,7.070959995,260.2634026,4.2,2.3,3.2,Diammonium phosphate (DAP),silty clay,rice
22.08576562,83.47038318,6.372576327,231.7364957,4,4,4,Good NPK,clay loam,rice
26.7627493,92.86056895,6.420018717,224.5903664,2,4,2.1,Urea and MOP,laterite,Coconut
27.45907759,92.90736493,5.836075368,142.1430003,2,3.9,2.1,Urea and MOP,coastal,Coconut
25.42977518,82.94682591,5.758506323,195.3574542,4,4,4,Good NPK,silty clay,rice
23.83509503,83.88387074,7.473134377,241.2013513,2.5,2,3,Urea and DAP,clay loam,rice
28.84270971,99.64328526,6.218571874,224.4016682,2,3.9,2.1,Urea and MOP,laterite,Coconut
29.1797902,90.27214288,6.006784979,188.9252083,2.2,3.5,3.9,Urea ,Clayey,rice
26.93141945,98.80313612,5.67154928,166.5712879,4.2,2.3,3.2,Diammonium phosphate (DAP),sandy,Coconut
29.51611558,92.56492864,6.461225827,131.2116167,4,4,4,Good NPK,coastal,Coconut
21.66628296,80.70960551,7.062779015,210.8142087,2,2.1,3.5,Urea and DAP,silty clay,rice
23.83509503,83.88387074,7.473134377,241.2013513,2.5,2,3,Urea and DAP,clay loam,rice
28.43647052,91.81320717,5.568365926,145.5414413,4,4,4,Good NPK,sandy,Coconut
25.48591986,81.40633547,5.935344406,182.6549356,4,2,2.5,DAP and MOP,Clayey,rice
26.13958446,96.38580769,6.338720873,131.3387935,4,4,2.3,MOP,coastal,Coconut
22.30157427,80.64416466,6.043304899,197.9791215,2,4,2.1,Urea and MOP,silty clay,rice
26.79533926,82.1480873,5.950660556,193.3473987,2.5,2,3,Urea and DAP,sandy,Coconut
24.45802087,82.74835604,6.738652179,182.5616319,2,4,2.1,Urea and MOP,coastal,Coconut
23.05804872,83.37011772,7.073453503,251.0549998,2.5,4,3,Urea ,Clayey,rice
26.35927159,84.04403589,6.286500176,271.3586137,4,2,3,Diammonium phosphate (DAP),silty clay,rice
23.64124821,80.28597873,5.012139669,263.1103304,2.5,2,3,Urea and DAP,Clayey,rice
22.17931888,80.33127223,6.357389366,200.0882787,2,2.1,3.5,Urea and DAP,coastal,Coconut
20.0454142,80.3477562,6.766240045,208.5810155,2.5,4,2,Urea and MOP,silty clay,rice
26.1055118,91.52421214,5.852038202,134.1279669,2.5,2,3,Urea and DAP,sandy,Coconut
25.02887163,91.53720922,6.293662363,179.8248944,4,2,2.5,DAP and MOP,sandy,Coconut
25.54759871,91.64194826,5.702484758,212.867626,2.5,2,3,Urea and DAP,coastal,Coconut
24.97669518,83.891805,6.880431223,204.8001847,4,4,4,Good NPK,Clayey,rice
20.77576147,84.49774397,6.244841491,240.0810647,2.5,4,2,Urea and MOP,silty clay,rice
29.52501367,91.91185319,6.121005506,194.3100272,4,2,2.5,Good NPK,Clayey,rice
28.94099669,93.00109012,5.764615485,191.7723087,4,4,2.5,MOP,sandy,Coconut
29.38072512,93.27565685,6.366219551,218.5241851,2.5,2,3,Urea and DAP,coastal,Coconut
23.24113501,84.59201843,7.782051313,233.0453455,2.5,2,3,Urea and DAP,silty clay,rice
26.52872817,80.12267476,6.158376967,218.9163567,2,2.1,3.5,Urea and DAP,Clayey,rice
24.63544858,80.41363018,7.730367824,253.7202781,2.5,4,2,Urea and MOP,silty clay,rice
29.56549169,91.40896307,5.826381164,224.8315729,2.5,2,3,Urea and DAP,coastal,Coconut
26.52166434,98.38227669,5.588655387,144.6261698,4,4,4,Good NPK,sandy,Coconut
26.31270635,98.62048026,5.804965067,208.1181381,4,2,2.5,MOP and DAP,coastal,Coconut
26.46428311,83.85642678,7.549873681,248.2256491,4,2,3,Diammonium phosphate (DAP),Clayey,rice
25.7354293,83.88266234,6.149410611,233.1321372,2.5,2,3,Urea and DAP,silty clay,rice
28.28905147,97.00396405,5.973853124,142.9403233,4,4,4,Good NPK,sandy,Coconut
25.39241091,98.08951196,5.579845008,218.080385,2,2.1,3.5,Urea and DAP,coastal,Coconut
23.44676801,84.79352417,6.215109715,283.9338466,2.5,4,2,Urea and MOP,silty clay,rice
22.70883798,82.63941394,5.70080568,271.3248604,2.2,3.5,3.9,Urea ,Clayey,rice
23.43191632,80.56887849,6.363472208,269.5039162,2,2.1,3.5,Urea and DAP,Clayey,rice
25.66585205,80.66385045,6.94801983,209.5869708,2,4,2,Urea and MOP,silty clay,rice
26.50908611,94.48414544,6.143662699,199.8778403,4,4,4,Good NPK,sandy,Coconut
26.00175125,94.79998418,6.331051715,209.540094,2,3.9,2.1,Urea and MOP,coastal,Coconut
26.44600063,98.29937782,6.008386283,221.2258168,4,4,4,Good NPK,coastal,Coconut
29.01256899,94.01014388,6.282955073,150.0500312,4,4,2,MOP,sandy,Coconut
21.44653958,84.94375962,5.824709117,272.2017204,2.5,2,3,Urea and DAP,silty clay,rice
20.61521424,83.77345559,6.932400225,279.5451717,4,4,4,Good NPK,Clayey,rice
26.80079604,80.88684822,5.108681786,284.4364567,2.5,4,2,Urea and MOP,Clayey,rice
21.94766735,80.97384195,6.012632591,213.3560921,2,4,2.1,Urea and MOP,silty clay,rice
27.63834933,95.48763389,5.85971872,205.5463111,4,4,4,Good NPK,sandy,Coconut
29.70143197,95.65754365,6.078807239,215.1968037,4,4,4,Good NPK,coastal,Coconut
21.84106875,80.72886384,6.946209881,202.3838319,4,4,4,Good NPK,Clayey,rice
26.75754171,81.17734011,5.960370061,272.2999056,4.2,2.3,3.2,Diammonium phosphate (DAP),silty clay,rice
26.87037587,91.72546257,6.100429497,214.4128874,4,4,4,Good NPK,coastal,Coconut
28.03380598,95.01630593,5.955742971,218.0055713,2,4,2.1,Urea and MOP,sandy,Coconut
29.20394909,95.66997327,5.959493188,211.2506267,4,4,4,Good NPK,sandy,Coconut
23.48381344,81.33265073,7.375482851,224.0581164,2,2.1,3.5,Urea and DAP,silty clay,rice
26.88444878,81.46033732,6.136131869,194.5766559,2,2.1,3.5,Urea and DAP,coastal,Coconut
21.53346343,82.14004101,6.500343222,295.9248796,2.5,4,3,Urea ,Clayey,rice
21.58711777,82.7883708,6.249050656,276.6552459,4.2,2.3,3.2,Diammonium phosphate (DAP),silty clay,rice
22.69657794,82.81088865,6.028321558,256.9964761,4.2,2.3,3.2,Diammonium phosphate (DAP),Clayey,rice
28.56973521,95.67906668,6.436314406,134.8370348,4.2,2.3,3.2,Diammonium phosphate (DAP),sandy,Coconut
21.01944696,82.95221726,7.416245107,298.4018471,2.5,2,3,Urea and DAP,silty clay,rice
23.22397386,83.03322691,6.336253525,221.2091958,2,4,2.1,Urea and MOP,Clayey,rice
27.02269204,95.71935435,6.231662767,147.1682459,2,3.9,2.1,Urea and MOP,sandy,Coconut
23.00445915,82.3207629,7.840207144,263.9642476,4,2,3,Diammonium phosphate (DAP),Clayey,rice
21.0525355,82.67839517,6.254028451,233.1075816,2.5,2,3,Urea and DAP,silty clay,rice
27.02269204,95.71935435,6.231662767,147.1682459,2,3.9,2.1,Urea and MOP,sandy,Coconut
24.44345477,82.45432595,5.950647577,267.9761948,2.5,2,3,Urea and DAP,Clayey,rice
25.15745531,83.11713476,5.070175667,231.3843163,2.5,4,2,Urea and MOP,silty clay,rice
27.14865285,96.66355213,6.027707171,149.2433497,2.5,2,3,Urea and DAP,sandy,Coconut
23.86330467,83.15250801,5.561398642,285.2493645,4.2,2.3,3.2,Diammonium phosphate (DAP),silty clay,rice
20.08369642,83.29114712,5.739175027,263.6372176,2.5,4,2,Urea and MOP,Clayey,rice
26.07010807,96.7036223,5.981169595,143.533473,2,3.9,2.1,Urea and MOP,sandy,Coconut
26.18552389,96.96637916,5.612122797,135.4186222,4.2,2.3,3.2,Diammonium phosphate (DAP),sandy,Coconut
21.40865769,83.3293191,5.935745417,287.5766935,2.2,3.5,3.9,Urea ,Clayey,rice
25.62980105,83.52842314,5.534878156,209.9001977,2.5,4,2,Urea and MOP,silty clay,rice
24.51588066,83.5352163,6.685346424,230.4462359,2.5,4,2,Urea and MOP,Clayey,rice
23.57943626,83.58760316,5.85393208,291.2986618,4,2,3,Diammonium phosphate (DAP),silty clay,rice
25.65553461,83.47021081,7.120272972,217.3788583,2,3.9,2.1,Urea and MOP,Clayey,rice
24.17298839,83.7287574,5.583370042,257.0343554,2,2.1,3.5,Urea and DAP,silty clay,rice
26.22916897,83.83625819,5.543360238,286.5083725,4.2,2.3,3.2,Diammonium phosphate (DAP),silty clay,rice
23.83067496,84.81360127,6.271478838,298.5601175,2.5,4,2,Urea and MOP,silty clay,rice
